The Crazies,2010,https://www.youtube.com/embed/J7w9uWFIMBs,Horror,Action
Creep,2015,https://www.youtube.com/embed/Gp7tBypjwDo,Mystery & Suspense,Horror
The Fundamentals of Caring,2016,https://www.youtube.com/embed/BSXn-lIs4Y0,Comedy
"Game Over, Man!",2018,https://www.youtube.com/embed/u7ZHi_dDSnQ,Comedy,Action
Ghost Dog,1999,https://www.youtube.com/embed/SzzO21mg8yA,Action
Ghost World,2001,https://www.youtube.com/embed/4WmCBRkWJ54,Comedy
The Good Girl,2002,https://www.youtube.com/embed/55u2eXwbkM4,Romance,Comedy
Goon,2011,https://www.youtube.com/embed/0dEUXY3yhHU,Comedy,Sports,Action,Romance
The Guilty,2018,https://www.youtube.com/embed/abaoKA6rn5k,Mystery & Suspense
Hancock,2008,https://www.youtube.com/embed/6iFcGNOWnA8,Action,Comedy
The Hunt,2013,https://www.youtube.com/embed/vK9cO7QN8Ak,Drama
I Like Killing Flies,2004,https://www.youtube.com/embed/7QLHygGTjjU,Documentary
Interstellar,2014,https://www.youtube.com/embed/2LqzF5WauAw,Sci-Fi & Fantasy
In the Bedroom,2001,https://www.youtube.com/embed/QDZA0v4sqhw,Drama
The Invitation,2015,https://www.youtube.com/embed/0-mp77SZ_0M,Horror
"Jeff, Who Lives at Home",2011,https://www.youtube.com/embed/kctOpTQtyUg,Comedy
Kick Ass,2010,https://www.youtube.com/embed/rFpWpkxsVI8,Action,Comedy
The Lady Vanishes,1938,https://www.youtube.com/embed/pTKfhyj2neg,Mystery & Suspense
Lars and the Real Girl,2007,https://www.youtube.com/embed/XNcs9DrKYRU,Comedy,Romance
The Last Starfighter,1984,https://www.youtube.com/embed/4Q-Qs3loKoc,Sci-Fi & Fantasy,Action
The Night of the Hunter,1955,https://www.youtube.com/embed/Y8dX6ZKJe2o,Mystery & Suspense
Nothing But a Man,1964,https://www.youtube.com/embed/bSjgshFzHJE,Romance,Drama
Oklahoma City,2017,https://www.youtube.com/embed/bcJ7P-nxQGo,Documentary
Pelada,2010,https://www.youtube.com/embed/BfLEcfH8OL4,Documentary
Take Shelter,2011,https://www.youtube.com/embed/hUraDx3oFVg,Mystery & Suspense
The Taking of Pelham One Two Three,1974,https://www.youtube.com/embed/ep518FVHKIU,Mystery & Suspense,Action
Teeth,2007,https://www.youtube.com/embed/ihpAcNgA0PQ,Horror
10 Cloverfield Lane,2016,https://www.youtube.com/embed/saHzng8fxLs,Mystery & Suspense,Horror
There's Something Wrong with Aunt Diane,2011,https://www.youtube.com/embed/Trck8tVtYyo,Documentary
Thief,1981,https://www.youtube.com/embed/J0CJ7_VtrNU,Action,Mystery & Suspense
The 39 Steps,1935,https://www.youtube.com/embed/EjPwRiJ1Yxw,Mystery & Suspense
Three Colors: Blue,1993,https://www.youtube.com/embed/cVaqLZmMf-k,Drama
Three Colors: Red,1994,https://www.youtube.com/embed/h8NU3EYTbFg,Romance
Three Colors: White,1994,https://www.youtube.com/embed/xECEAPfdqic,Comedy
Todo Sobre El Asado,2016,https://www.youtube.com/embed/9R_Dl7MJfqg,Documentary,Comedy
Train to Busan,2016,https://www.youtube.com/embed/1ovgxN2VWNc,Horror,Action
True Adolescents,2009,https://www.youtube.com/embed/Vi0rllIcPtM,Comedy
Tucker & Dale vs. Evil,2011,https://www.youtube.com/embed/l1t8OZn_uhE,Horror,Comedy
Unbreakable,2000,https://www.youtube.com/embed/h5eCFjjQFxY,Mystery & Suspense,Sci-Fi & Fantasy
Wait Until Dark,1967,https://www.youtube.com/embed/MKeTME_tRUI,Mystery & Suspense
Warrior,2011,https://www.youtube.com/embed/I5kzcwcQA1Q,Drama,Sports,Action
We Are the Best!,2013,https://www.youtube.com/embed/fWWNd-eybN0,Comedy
West of Memphis,2012,https://www.youtube.com/embed/pgqP2SS33VI,Documentary
Winter's Bone,2010,https://www.youtube.com/embed/bE_X2pDRXyY,Mystery & Suspense
The Animatrix,2003,https://www.youtube.com/embed/94fPVqJqBGA,Sci-Fi & Fantasy,Action
Army of Darkness,1992,https://www.youtube.com/embed/CZ-wU5RXw2o,Horror,Comedy,Action,Sci-Fi & Fantasy
The Babadook,2014,https://www.youtube.com/embed/k5WQZzDRVtw,Horror
Badlands,1973,https://www.youtube.com/embed/qKykxE7CBbc,Romance,Action
Basquiat,1996,https://www.youtube.com/embed/GsWZyvtX5tU,Drama
Becks,2018,https://www.youtube.com/embed/Wt52XeNSZDM,Drama,Romance
Bitch,2017,https://www.youtube.com/embed/WtF4TUxIOZk,Comedy
Blue Car,2002,https://www.youtube.com/embed/vLFGdxyyhFA,Drama
Persepolis,2007,https://www.youtube.com/embed/NZ22VyjJ6n8,Drama,Animation
Raw,2016,https://www.youtube.com/embed/gFlXVX2af_Y,Horror
Revenge,2018,https://www.youtube.com/embed/sU3TRJiRobs,Horror
Room,2015,https://www.youtube.com/embed/E_Ci-pAL4eE,Drama
Safety Not Guaranteed,2012,https://www.youtube.com/embed/73jSnAs7mq8,Romance,Sci-Fi & Fantasy,Comedy
Southwest of Salem,2016,https://www.youtube.com/embed/f3ALTVinsi0,Documentary
Source Code,2011,https://www.youtube.com/embed/mnJegNyAb1w,Sci-Fi & Fantasy,Mystery & Suspense,Action,Romance
Spellbound,2002,https://www.youtube.com/embed/J0lMqo53kMM,Documentary
Spoorloos,1988,https://www.youtube.com/embed/pBTLEO2pjRE,Mystery & Suspense
Stranger than Fiction,2006,https://www.youtube.com/embed/PZpg8VII7es,Romance,Comedy
Support the Girls,2018,https://www.youtube.com/embed/OI1CWYxbbkI,Drama
Ain't Them Bodies Saints,2013,https://www.youtube.com/embed/ga0c0v-stK0,Romance
All the Real Girls,2003,https://www.youtube.com/embed/GgrRjQwzX9w,Romance,Comedy
American Experience: The Island Murder,2018,https://www.youtube.com/embed/7UhJfFqChyk,Documentary
Christine,2016,https://www.youtube.com/embed/v0itmG80oLI,Drama
Cloverfield,2008,https://www.youtube.com/embed/M1XEriXzNik,Horror,Romance,Action,Sci-Fi & Fantasy
Coherence,2014,https://www.youtube.com/embed/kxAOewNzz-8,Sci-Fi & Fantasy,Horror
Cold Weather,2010,https://www.youtube.com/embed/zEggB8DvXP4,Mystery & Suspense
Colossal,2017,https://www.youtube.com/embed/RT2khohvjLE,Drama,Sci-Fi & Fantasy
Creep 2,2017,https://www.youtube.com/embed/838PE2pbzM4,Mystery & Suspense,Horror
Crumb,1994,https://www.youtube.com/embed/4FJiTCAmD4k,Documentary
Damsels in Distress,2012,https://www.youtube.com/embed/VL1UH3egBRE,Comedy,Romance
Days of Heaven,1978,https://www.youtube.com/embed/XVbg9xc7tGc,Romance
Devil in a Blue Dress,1995,https://www.youtube.com/embed/50EVm04iPLk,Mystery & Suspense
Diabolique,1955,https://www.youtube.com/embed/BzbGtjtfZwA,Mystery & Suspense
The Drop,2014,https://www.youtube.com/embed/Iy_ogNiryZ8,Drama
Emo the Musical,2016,https://www.youtube.com/embed/6qmTrZ1PdQA,Romance,Musical,Comedy
"Fast, Cheap & Out of Control",1997,https://www.youtube.com/embed/wFukiQOvDYs,Documentary
Frances Ha,2012,https://www.youtube.com/embed/YBn5dgXFMis,Comedy,Drama
The Founder,2016,https://www.youtube.com/embed/AX2uz2XYkbo,Drama
Force Majeure,2014,https://www.youtube.com/embed/fjjzVbTBF8o,Drama
Let the Right One In,2008,https://www.youtube.com/embed/ICp4g9p_rgo,Drama,Horror
The Lookout,2007,https://www.youtube.com/embed/Xq4GG046GWg,Mystery & Suspense,Action
Looper,2012,https://www.youtube.com/embed/2iQuhsmtfHw,Sci-Fi & Fantasy,Action
Lord of the Flies,1963,https://www.youtube.com/embed/8w0ILjgHfhw,Drama
The Loved Ones,2009,https://www.youtube.com/embed/Cb5BFm4qIow,Horror
M,1931,https://www.youtube.com/embed/nsVproWjN6c,Mystery & Suspense
Manchester by the Sea,2016,https://www.youtube.com/embed/gsVoD0pTge0,Drama
Midnight Special,2016,https://www.youtube.com/embed/1zuQTmVCEn4,Sci-Fi & Fantasy
Molly's Game,2017,https://www.youtube.com/embed/Vu4UPet8Nyc,Drama
Mothman Prophecies,2002,https://www.youtube.com/embed/2rRgxupj684,Mystery & Suspense,Sci-Fi & Fantasy
Mr. Roosevelt,2017,https://www.youtube.com/embed/GMieh0zJ32g,Drama
Mud,2013,https://www.youtube.com/embed/2m9IFlz2iYo,Romance
The Chicken People,2016,https://www.youtube.com/embed/S9ZShxa6wJ0,Documentary
"No No: A Dockumentary",2014,https://www.youtube.com/embed/kxen7thd5BU,Documentary
Roll Red Roll,2018,https://www.youtube.com/embed/_m-pN-Vx0zo,Documentary
"Out of Mind, Out of Sight",2014,https://www.youtube.com/embed/DUWTszWapDE,Documentary
The Unicorn,2019,https://www.youtube.com/embed/VbtI9vsJtMo,Comedy,Romance
